{"assets/emojis/wave.png":["assets/emojis/wave.png"],"assets/fonts/GathrIcons.ttf":["assets/fonts/GathrIcons.ttf"],"assets/fonts/Roboto-Black.ttf":["assets/fonts/Roboto-Black.ttf"],"assets/fonts/Roboto-Bold.ttf":["assets/fonts/Roboto-Bold.ttf"],"assets/fonts/Roboto-Light.ttf":["assets/fonts/Roboto-Light.ttf"],"assets/fonts/Roboto-Medium.ttf":["assets/fonts/Roboto-Medium.ttf"],"assets/fonts/Roboto-Regular.ttf":["assets/fonts/Roboto-Regular.ttf"],"assets/fonts/Roboto-Thin.ttf":["assets/fonts/Roboto-Thin.ttf"],"assets/icons/android/.DS_Store":["assets/icons/android/.DS_Store"],"assets/icons/android/playstore.png":["assets/icons/android/playstore.png"],"assets/images/.DS_Store":["assets/images/.DS_Store"],"assets/images/congratulations.png":["assets/images/congratulations.png"],"assets/images/garden.png":["assets/images/garden.png"],"assets/images/gathr_logo.svg":["assets/images/gathr_logo.svg"],"assets/images/ic_apple.png":["assets/images/ic_apple.png"],"assets/images/ic_camera.svg":["assets/images/ic_camera.svg"],"assets/images/ic_cloud.svg":["assets/images/ic_cloud.svg"],"assets/images/ic_creative_skills.svg":["assets/images/ic_creative_skills.svg"],"assets/images/ic_education.svg":["assets/images/ic_education.svg"],"assets/images/ic_footprint.png":["assets/images/ic_footprint.png"],"assets/images/ic_health.svg":["assets/images/ic_health.svg"],"assets/images/ic_lamp.svg":["assets/images/ic_lamp.svg"],"assets/images/ic_lamp_over.svg":["assets/images/ic_lamp_over.svg"],"assets/images/ic_language_communication.svg":["assets/images/ic_language_communication.svg"],"assets/images/ic_nostr.png":["assets/images/ic_nostr.png"],"assets/images/ic_other.svg":["assets/images/ic_other.svg"],"assets/images/ic_outdoor_skills.svg":["assets/images/ic_outdoor_skills.svg"],"assets/images/ic_people.svg":["assets/images/ic_people.svg"],"assets/images/ic_proffessional_skills.svg":["assets/images/ic_proffessional_skills.svg"],"assets/images/ic_techical_skills.svg":["assets/images/ic_techical_skills.svg"],"assets/images/ic_voluntary_skills.svg":["assets/images/ic_voluntary_skills.svg"],"assets/images/img_detail.svg":["assets/images/img_detail.svg"],"assets/images/img_finger_print.png":["assets/images/img_finger_print.png"],"assets/images/img_key.png":["assets/images/img_key.png"],"assets/images/img_lock.png":["assets/images/img_lock.png"],"assets/images/img_logo.png":["assets/images/img_logo.png"],"assets/images/img_map.svg":["assets/images/img_map.svg"],"assets/images/img_monkey.png":["assets/images/img_monkey.png"],"assets/images/img_onboarding.jpg":["assets/images/img_onboarding.jpg"],"assets/images/img_open_folder.png":["assets/images/img_open_folder.png"],"assets/images/img_prohibition.png":["assets/images/img_prohibition.png"],"assets/images/img_skills.svg":["assets/images/img_skills.svg"],"assets/svg/empty.svg":["assets/svg/empty.svg"],"assets/svg/icMailVariant.svg":["assets/svg/icMailVariant.svg"],"assets/svg/icMessageSend.svg":["assets/svg/icMessageSend.svg"],"assets/svg/icUpload.svg":["assets/svg/icUpload.svg"],"assets/svg/ic_activities.svg":["assets/svg/ic_activities.svg"],"assets/svg/ic_add.svg":["assets/svg/ic_add.svg"],"assets/svg/ic_animal_welfare.svg":["assets/svg/ic_animal_welfare.svg"],"assets/svg/ic_apple_accent.svg":["assets/svg/ic_apple_accent.svg"],"assets/svg/ic_arts_culture.svg":["assets/svg/ic_arts_culture.svg"],"assets/svg/ic_at.svg":["assets/svg/ic_at.svg"],"assets/svg/ic_building.svg":["assets/svg/ic_building.svg"],"assets/svg/ic_bulb.svg":["assets/svg/ic_bulb.svg"],"assets/svg/ic_bulb_lightened.svg":["assets/svg/ic_bulb_lightened.svg"],"assets/svg/ic_calendar.svg":["assets/svg/ic_calendar.svg"],"assets/svg/ic_camera.svg":["assets/svg/ic_camera.svg"],"assets/svg/ic_chat.svg":["assets/svg/ic_chat.svg"],"assets/svg/ic_chat_bubbles.svg":["assets/svg/ic_chat_bubbles.svg"],"assets/svg/ic_chat_text.svg":["assets/svg/ic_chat_text.svg"],"assets/svg/ic_checkmark_filled.svg":["assets/svg/ic_checkmark_filled.svg"],"assets/svg/ic_checkmark_grayscale.svg":["assets/svg/ic_checkmark_grayscale.svg"],"assets/svg/ic_clock.svg":["assets/svg/ic_clock.svg"],"assets/svg/ic_close_circle.svg":["assets/svg/ic_close_circle.svg"],"assets/svg/ic_close_filled.svg":["assets/svg/ic_close_filled.svg"],"assets/svg/ic_comment.svg":["assets/svg/ic_comment.svg"],"assets/svg/ic_community.svg":["assets/svg/ic_community.svg"],"assets/svg/ic_community_menu.svg":["assets/svg/ic_community_menu.svg"],"assets/svg/ic_connected_world.svg":["assets/svg/ic_connected_world.svg"],"assets/svg/ic_copy.svg":["assets/svg/ic_copy.svg"],"assets/svg/ic_cross_in_circle_filled.svg":["assets/svg/ic_cross_in_circle_filled.svg"],"assets/svg/ic_crown.svg":["assets/svg/ic_crown.svg"],"assets/svg/ic_download.svg":["assets/svg/ic_download.svg"],"assets/svg/ic_drag_handle.svg":["assets/svg/ic_drag_handle.svg"],"assets/svg/ic_email.svg":["assets/svg/ic_email.svg"],"assets/svg/ic_emergency_response.svg":["assets/svg/ic_emergency_response.svg"],"assets/svg/ic_environmental.svg":["assets/svg/ic_environmental.svg"],"assets/svg/ic_event.svg":["assets/svg/ic_event.svg"],"assets/svg/ic_eye.svg":["assets/svg/ic_eye.svg"],"assets/svg/ic_eye_closed.svg":["assets/svg/ic_eye_closed.svg"],"assets/svg/ic_fab.svg":["assets/svg/ic_fab.svg"],"assets/svg/ic_filter.svg":["assets/svg/ic_filter.svg"],"assets/svg/ic_financial_aid.svg":["assets/svg/ic_financial_aid.svg"],"assets/svg/ic_flag.svg":["assets/svg/ic_flag.svg"],"assets/svg/ic_flag_outlined.svg":["assets/svg/ic_flag_outlined.svg"],"assets/svg/ic_folder.svg":["assets/svg/ic_folder.svg"],"assets/svg/ic_folder_files.svg":["assets/svg/ic_folder_files.svg"],"assets/svg/ic_follow.svg":["assets/svg/ic_follow.svg"],"assets/svg/ic_followed.svg":["assets/svg/ic_followed.svg"],"assets/svg/ic_footprint.svg":["assets/svg/ic_footprint.svg"],"assets/svg/ic_gathr_logo_gradient.svg":["assets/svg/ic_gathr_logo_gradient.svg"],"assets/svg/ic_gift.svg":["assets/svg/ic_gift.svg"],"assets/svg/ic_google.svg":["assets/svg/ic_google.svg"],"assets/svg/ic_hand.svg":["assets/svg/ic_hand.svg"],"assets/svg/ic_health_safety.svg":["assets/svg/ic_health_safety.svg"],"assets/svg/ic_helphub_green.svg":["assets/svg/ic_helphub_green.svg"],"assets/svg/ic_hex.svg":["assets/svg/ic_hex.svg"],"assets/svg/ic_home.svg":["assets/svg/ic_home.svg"],"assets/svg/ic_hourglass.svg":["assets/svg/ic_hourglass.svg"],"assets/svg/ic_human_right_justice.svg":["assets/svg/ic_human_right_justice.svg"],"assets/svg/ic_inbox.svg":["assets/svg/ic_inbox.svg"],"assets/svg/ic_join.svg":["assets/svg/ic_join.svg"],"assets/svg/ic_kudos.svg":["assets/svg/ic_kudos.svg"],"assets/svg/ic_kudots.svg":["assets/svg/ic_kudots.svg"],"assets/svg/ic_legal_aid.svg":["assets/svg/ic_legal_aid.svg"],"assets/svg/ic_letter.svg":["assets/svg/ic_letter.svg"],"assets/svg/ic_lightbulb.svg":["assets/svg/ic_lightbulb.svg"],"assets/svg/ic_like.svg":["assets/svg/ic_like.svg"],"assets/svg/ic_like_filled.svg":["assets/svg/ic_like_filled.svg"],"assets/svg/ic_link.svg":["assets/svg/ic_link.svg"],"assets/svg/ic_listing.svg":["assets/svg/ic_listing.svg"],"assets/svg/ic_location.svg":["assets/svg/ic_location.svg"],"assets/svg/ic_lock.svg":["assets/svg/ic_lock.svg"],"assets/svg/ic_mail.svg":["assets/svg/ic_mail.svg"],"assets/svg/ic_map_pin.svg":["assets/svg/ic_map_pin.svg"],"assets/svg/ic_mic.svg":["assets/svg/ic_mic.svg"],"assets/svg/ic_org_location.svg":["assets/svg/ic_org_location.svg"],"assets/svg/ic_other.svg":["assets/svg/ic_other.svg"],"assets/svg/ic_palm_of_hand.svg":["assets/svg/ic_palm_of_hand.svg"],"assets/svg/ic_phone.svg":["assets/svg/ic_phone.svg"],"assets/svg/ic_photo.svg":["assets/svg/ic_photo.svg"],"assets/svg/ic_play_store_accent.svg":["assets/svg/ic_play_store_accent.svg"],"assets/svg/ic_plugin.svg":["assets/svg/ic_plugin.svg"],"assets/svg/ic_post.svg":["assets/svg/ic_post.svg"],"assets/svg/ic_profile.svg":["assets/svg/ic_profile.svg"],"assets/svg/ic_profile_variant.svg":["assets/svg/ic_profile_variant.svg"],"assets/svg/ic_puzzle.svg":["assets/svg/ic_puzzle.svg"],"assets/svg/ic_qr.svg":["assets/svg/ic_qr.svg"],"assets/svg/ic_quote.svg":["assets/svg/ic_quote.svg"],"assets/svg/ic_repost.svg":["assets/svg/ic_repost.svg"],"assets/svg/ic_right_arrow.svg":["assets/svg/ic_right_arrow.svg"],"assets/svg/ic_search.svg":["assets/svg/ic_search.svg"],"assets/svg/ic_search_variant.svg":["assets/svg/ic_search_variant.svg"],"assets/svg/ic_settings.svg":["assets/svg/ic_settings.svg"],"assets/svg/ic_share.svg":["assets/svg/ic_share.svg"],"assets/svg/ic_share_light.svg":["assets/svg/ic_share_light.svg"],"assets/svg/ic_supporter.svg":["assets/svg/ic_supporter.svg"],"assets/svg/ic_tribly.svg":["assets/svg/ic_tribly.svg"],"assets/svg/ic_tribly_logo.svg":["assets/svg/ic_tribly_logo.svg"],"assets/svg/ic_union.svg":["assets/svg/ic_union.svg"],"assets/svg/ic_user.svg":["assets/svg/ic_user.svg"],"assets/svg/ic_warning.svg":["assets/svg/ic_warning.svg"],"assets/svg/ic_zip.svg":["assets/svg/ic_zip.svg"],"assets/svg/image_no_data_placeholder.svg":["assets/svg/image_no_data_placeholder.svg"],"assets/svg/mute_off.svg":["assets/svg/mute_off.svg"],"assets/svg/mute_on.svg":["assets/svg/mute_on.svg"],"assets/svg/nostr_icon_svg.svg":["assets/svg/nostr_icon_svg.svg"],"assets/svg/path2.svg":["assets/svg/path2.svg"],"assets/svg/payment_methods/ic_bank.svg":["assets/svg/payment_methods/ic_bank.svg"],"assets/svg/payment_methods/ic_bitcoin.svg":["assets/svg/payment_methods/ic_bitcoin.svg"],"assets/svg/payment_methods/ic_paypal.svg":["assets/svg/payment_methods/ic_paypal.svg"],"assets/svg/payment_methods/ic_wise.svg":["assets/svg/payment_methods/ic_wise.svg"],"assets/svg/skills/ic_administration_management.svg":["assets/svg/skills/ic_administration_management.svg"],"assets/svg/skills/ic_animal_care.svg":["assets/svg/skills/ic_animal_care.svg"],"assets/svg/skills/ic_arts_creative.svg":["assets/svg/skills/ic_arts_creative.svg"],"assets/svg/skills/ic_communications.svg":["assets/svg/skills/ic_communications.svg"],"assets/svg/skills/ic_community_social_services.svg":["assets/svg/skills/ic_community_social_services.svg"],"assets/svg/skills/ic_education_training.svg":["assets/svg/skills/ic_education_training.svg"],"assets/svg/skills/ic_emergency.svg":["assets/svg/skills/ic_emergency.svg"],"assets/svg/skills/ic_environmental_conservation.svg":["assets/svg/skills/ic_environmental_conservation.svg"],"assets/svg/skills/ic_eyes.svg":["assets/svg/skills/ic_eyes.svg"],"assets/svg/skills/ic_fundraising_development.svg":["assets/svg/skills/ic_fundraising_development.svg"],"assets/svg/skills/ic_healthcare.svg":["assets/svg/skills/ic_healthcare.svg"],"assets/svg/skills/ic_hospitality_customer_service.svg":["assets/svg/skills/ic_hospitality_customer_service.svg"],"assets/svg/skills/ic_human_resources.svg":["assets/svg/skills/ic_human_resources.svg"],"assets/svg/skills/ic_human_services.svg":["assets/svg/skills/ic_human_services.svg"],"assets/svg/skills/ic_language_cultural.svg":["assets/svg/skills/ic_language_cultural.svg"],"assets/svg/skills/ic_legal_advisory.svg":["assets/svg/skills/ic_legal_advisory.svg"],"assets/svg/skills/ic_legal_compliance.svg":["assets/svg/skills/ic_legal_compliance.svg"],"assets/svg/skills/ic_logistics.svg":["assets/svg/skills/ic_logistics.svg"],"assets/svg/skills/ic_media_communications.svg":["assets/svg/skills/ic_media_communications.svg"],"assets/svg/skills/ic_personal_development.svg":["assets/svg/skills/ic_personal_development.svg"],"assets/svg/skills/ic_poverty_and_hunger.svg":["assets/svg/skills/ic_poverty_and_hunger.svg"],"assets/svg/skills/ic_science.svg":["assets/svg/skills/ic_science.svg"],"assets/svg/skills/ic_sports_recreation.svg":["assets/svg/skills/ic_sports_recreation.svg"],"assets/svg/skills/ic_technical_trade_skills.svg":["assets/svg/skills/ic_technical_trade_skills.svg"],"assets/svg/skills/ic_technology_innovation.svg":["assets/svg/skills/ic_technology_innovation.svg"],"assets/svg/skills/is_business_entrepreneurship.svg":["assets/svg/skills/is_business_entrepreneurship.svg"],"assets/svg/tabbar/ic_tabbar_communities.svg":["assets/svg/tabbar/ic_tabbar_communities.svg"],"assets/svg/tabbar/ic_tabbar_feed.svg":["assets/svg/tabbar/ic_tabbar_feed.svg"],"assets/svg/tabbar/ic_tabbar_helphub.svg":["assets/svg/tabbar/ic_tabbar_helphub.svg"],"assets/svg/tabbar/ic_tabbar_search.svg":["assets/svg/tabbar/ic_tabbar_search.svg"],"assets/svg/world_wide.svg":["assets/svg/world_wide.svg"],"assets/translations/en.json":["assets/translations/en.json"],"assets/wasm/aes_module.wasm":["assets/wasm/aes_module.wasm"],"packages/country_list_pick/flags/ad.png":["packages/country_list_pick/flags/ad.png"],"packages/country_list_pick/flags/ae.png":["packages/country_list_pick/flags/ae.png"],"packages/country_list_pick/flags/af.png":["packages/country_list_pick/flags/af.png"],"packages/country_list_pick/flags/ag.png":["packages/country_list_pick/flags/ag.png"],"packages/country_list_pick/flags/ai.png":["packages/country_list_pick/flags/ai.png"],"packages/country_list_pick/flags/al.png":["packages/country_list_pick/flags/al.png"],"packages/country_list_pick/flags/am.png":["packages/country_list_pick/flags/am.png"],"packages/country_list_pick/flags/an.png":["packages/country_list_pick/flags/an.png"],"packages/country_list_pick/flags/ao.png":["packages/country_list_pick/flags/ao.png"],"packages/country_list_pick/flags/aq.png":["packages/country_list_pick/flags/aq.png"],"packages/country_list_pick/flags/ar.png":["packages/country_list_pick/flags/ar.png"],"packages/country_list_pick/flags/as.png":["packages/country_list_pick/flags/as.png"],"packages/country_list_pick/flags/at.png":["packages/country_list_pick/flags/at.png"],"packages/country_list_pick/flags/au.png":["packages/country_list_pick/flags/au.png"],"packages/country_list_pick/flags/aw.png":["packages/country_list_pick/flags/aw.png"],"packages/country_list_pick/flags/ax.png":["packages/country_list_pick/flags/ax.png"],"packages/country_list_pick/flags/az.png":["packages/country_list_pick/flags/az.png"],"packages/country_list_pick/flags/ba.png":["packages/country_list_pick/flags/ba.png"],"packages/country_list_pick/flags/bb.png":["packages/country_list_pick/flags/bb.png"],"packages/country_list_pick/flags/bd.png":["packages/country_list_pick/flags/bd.png"],"packages/country_list_pick/flags/be.png":["packages/country_list_pick/flags/be.png"],"packages/country_list_pick/flags/bf.png":["packages/country_list_pick/flags/bf.png"],"packages/country_list_pick/flags/bg.png":["packages/country_list_pick/flags/bg.png"],"packages/country_list_pick/flags/bh.png":["packages/country_list_pick/flags/bh.png"],"packages/country_list_pick/flags/bi.png":["packages/country_list_pick/flags/bi.png"],"packages/country_list_pick/flags/bj.png":["packages/country_list_pick/flags/bj.png"],"packages/country_list_pick/flags/bl.png":["packages/country_list_pick/flags/bl.png"],"packages/country_list_pick/flags/bm.png":["packages/country_list_pick/flags/bm.png"],"packages/country_list_pick/flags/bn.png":["packages/country_list_pick/flags/bn.png"],"packages/country_list_pick/flags/bo.png":["packages/country_list_pick/flags/bo.png"],"packages/country_list_pick/flags/bq.png":["packages/country_list_pick/flags/bq.png"],"packages/country_list_pick/flags/br.png":["packages/country_list_pick/flags/br.png"],"packages/country_list_pick/flags/bs.png":["packages/country_list_pick/flags/bs.png"],"packages/country_list_pick/flags/bt.png":["packages/country_list_pick/flags/bt.png"],"packages/country_list_pick/flags/bv.png":["packages/country_list_pick/flags/bv.png"],"packages/country_list_pick/flags/bw.png":["packages/country_list_pick/flags/bw.png"],"packages/country_list_pick/flags/by.png":["packages/country_list_pick/flags/by.png"],"packages/country_list_pick/flags/bz.png":["packages/country_list_pick/flags/bz.png"],"packages/country_list_pick/flags/ca.png":["packages/country_list_pick/flags/ca.png"],"packages/country_list_pick/flags/cc.png":["packages/country_list_pick/flags/cc.png"],"packages/country_list_pick/flags/cd.png":["packages/country_list_pick/flags/cd.png"],"packages/country_list_pick/flags/cf.png":["packages/country_list_pick/flags/cf.png"],"packages/country_list_pick/flags/cg.png":["packages/country_list_pick/flags/cg.png"],"packages/country_list_pick/flags/ch.png":["packages/country_list_pick/flags/ch.png"],"packages/country_list_pick/flags/ci.png":["packages/country_list_pick/flags/ci.png"],"packages/country_list_pick/flags/ck.png":["packages/country_list_pick/flags/ck.png"],"packages/country_list_pick/flags/cl.png":["packages/country_list_pick/flags/cl.png"],"packages/country_list_pick/flags/cm.png":["packages/country_list_pick/flags/cm.png"],"packages/country_list_pick/flags/cn.png":["packages/country_list_pick/flags/cn.png"],"packages/country_list_pick/flags/co.png":["packages/country_list_pick/flags/co.png"],"packages/country_list_pick/flags/cr.png":["packages/country_list_pick/flags/cr.png"],"packages/country_list_pick/flags/cu.png":["packages/country_list_pick/flags/cu.png"],"packages/country_list_pick/flags/cv.png":["packages/country_list_pick/flags/cv.png"],"packages/country_list_pick/flags/cw.png":["packages/country_list_pick/flags/cw.png"],"packages/country_list_pick/flags/cx.png":["packages/country_list_pick/flags/cx.png"],"packages/country_list_pick/flags/cy.png":["packages/country_list_pick/flags/cy.png"],"packages/country_list_pick/flags/cz.png":["packages/country_list_pick/flags/cz.png"],"packages/country_list_pick/flags/de.png":["packages/country_list_pick/flags/de.png"],"packages/country_list_pick/flags/dj.png":["packages/country_list_pick/flags/dj.png"],"packages/country_list_pick/flags/dk.png":["packages/country_list_pick/flags/dk.png"],"packages/country_list_pick/flags/dm.png":["packages/country_list_pick/flags/dm.png"],"packages/country_list_pick/flags/do.png":["packages/country_list_pick/flags/do.png"],"packages/country_list_pick/flags/dz.png":["packages/country_list_pick/flags/dz.png"],"packages/country_list_pick/flags/ec.png":["packages/country_list_pick/flags/ec.png"],"packages/country_list_pick/flags/ee.png":["packages/country_list_pick/flags/ee.png"],"packages/country_list_pick/flags/eg.png":["packages/country_list_pick/flags/eg.png"],"packages/country_list_pick/flags/eh.png":["packages/country_list_pick/flags/eh.png"],"packages/country_list_pick/flags/er.png":["packages/country_list_pick/flags/er.png"],"packages/country_list_pick/flags/es.png":["packages/country_list_pick/flags/es.png"],"packages/country_list_pick/flags/et.png":["packages/country_list_pick/flags/et.png"],"packages/country_list_pick/flags/eu.png":["packages/country_list_pick/flags/eu.png"],"packages/country_list_pick/flags/fi.png":["packages/country_list_pick/flags/fi.png"],"packages/country_list_pick/flags/fj.png":["packages/country_list_pick/flags/fj.png"],"packages/country_list_pick/flags/fk.png":["packages/country_list_pick/flags/fk.png"],"packages/country_list_pick/flags/fm.png":["packages/country_list_pick/flags/fm.png"],"packages/country_list_pick/flags/fo.png":["packages/country_list_pick/flags/fo.png"],"packages/country_list_pick/flags/fr.png":["packages/country_list_pick/flags/fr.png"],"packages/country_list_pick/flags/ga.png":["packages/country_list_pick/flags/ga.png"],"packages/country_list_pick/flags/gb-eng.png":["packages/country_list_pick/flags/gb-eng.png"],"packages/country_list_pick/flags/gb-nir.png":["packages/country_list_pick/flags/gb-nir.png"],"packages/country_list_pick/flags/gb-sct.png":["packages/country_list_pick/flags/gb-sct.png"],"packages/country_list_pick/flags/gb-wls.png":["packages/country_list_pick/flags/gb-wls.png"],"packages/country_list_pick/flags/gb.png":["packages/country_list_pick/flags/gb.png"],"packages/country_list_pick/flags/gd.png":["packages/country_list_pick/flags/gd.png"],"packages/country_list_pick/flags/ge.png":["packages/country_list_pick/flags/ge.png"],"packages/country_list_pick/flags/gf.png":["packages/country_list_pick/flags/gf.png"],"packages/country_list_pick/flags/gg.png":["packages/country_list_pick/flags/gg.png"],"packages/country_list_pick/flags/gh.png":["packages/country_list_pick/flags/gh.png"],"packages/country_list_pick/flags/gi.png":["packages/country_list_pick/flags/gi.png"],"packages/country_list_pick/flags/gl.png":["packages/country_list_pick/flags/gl.png"],"packages/country_list_pick/flags/gm.png":["packages/country_list_pick/flags/gm.png"],"packages/country_list_pick/flags/gn.png":["packages/country_list_pick/flags/gn.png"],"packages/country_list_pick/flags/gp.png":["packages/country_list_pick/flags/gp.png"],"packages/country_list_pick/flags/gq.png":["packages/country_list_pick/flags/gq.png"],"packages/country_list_pick/flags/gr.png":["packages/country_list_pick/flags/gr.png"],"packages/country_list_pick/flags/gs.png":["packages/country_list_pick/flags/gs.png"],"packages/country_list_pick/flags/gt.png":["packages/country_list_pick/flags/gt.png"],"packages/country_list_pick/flags/gu.png":["packages/country_list_pick/flags/gu.png"],"packages/country_list_pick/flags/gw.png":["packages/country_list_pick/flags/gw.png"],"packages/country_list_pick/flags/gy.png":["packages/country_list_pick/flags/gy.png"],"packages/country_list_pick/flags/hk.png":["packages/country_list_pick/flags/hk.png"],"packages/country_list_pick/flags/hm.png":["packages/country_list_pick/flags/hm.png"],"packages/country_list_pick/flags/hn.png":["packages/country_list_pick/flags/hn.png"],"packages/country_list_pick/flags/hr.png":["packages/country_list_pick/flags/hr.png"],"packages/country_list_pick/flags/ht.png":["packages/country_list_pick/flags/ht.png"],"packages/country_list_pick/flags/hu.png":["packages/country_list_pick/flags/hu.png"],"packages/country_list_pick/flags/id.png":["packages/country_list_pick/flags/id.png"],"packages/country_list_pick/flags/ie.png":["packages/country_list_pick/flags/ie.png"],"packages/country_list_pick/flags/il.png":["packages/country_list_pick/flags/il.png"],"packages/country_list_pick/flags/im.png":["packages/country_list_pick/flags/im.png"],"packages/country_list_pick/flags/in.png":["packages/country_list_pick/flags/in.png"],"packages/country_list_pick/flags/io.png":["packages/country_list_pick/flags/io.png"],"packages/country_list_pick/flags/iq.png":["packages/country_list_pick/flags/iq.png"],"packages/country_list_pick/flags/ir.png":["packages/country_list_pick/flags/ir.png"],"packages/country_list_pick/flags/is.png":["packages/country_list_pick/flags/is.png"],"packages/country_list_pick/flags/it.png":["packages/country_list_pick/flags/it.png"],"packages/country_list_pick/flags/je.png":["packages/country_list_pick/flags/je.png"],"packages/country_list_pick/flags/jm.png":["packages/country_list_pick/flags/jm.png"],"packages/country_list_pick/flags/jo.png":["packages/country_list_pick/flags/jo.png"],"packages/country_list_pick/flags/jp.png":["packages/country_list_pick/flags/jp.png"],"packages/country_list_pick/flags/ke.png":["packages/country_list_pick/flags/ke.png"],"packages/country_list_pick/flags/kg.png":["packages/country_list_pick/flags/kg.png"],"packages/country_list_pick/flags/kh.png":["packages/country_list_pick/flags/kh.png"],"packages/country_list_pick/flags/ki.png":["packages/country_list_pick/flags/ki.png"],"packages/country_list_pick/flags/km.png":["packages/country_list_pick/flags/km.png"],"packages/country_list_pick/flags/kn.png":["packages/country_list_pick/flags/kn.png"],"packages/country_list_pick/flags/kp.png":["packages/country_list_pick/flags/kp.png"],"packages/country_list_pick/flags/kr.png":["packages/country_list_pick/flags/kr.png"],"packages/country_list_pick/flags/kw.png":["packages/country_list_pick/flags/kw.png"],"packages/country_list_pick/flags/ky.png":["packages/country_list_pick/flags/ky.png"],"packages/country_list_pick/flags/kz.png":["packages/country_list_pick/flags/kz.png"],"packages/country_list_pick/flags/la.png":["packages/country_list_pick/flags/la.png"],"packages/country_list_pick/flags/lb.png":["packages/country_list_pick/flags/lb.png"],"packages/country_list_pick/flags/lc.png":["packages/country_list_pick/flags/lc.png"],"packages/country_list_pick/flags/li.png":["packages/country_list_pick/flags/li.png"],"packages/country_list_pick/flags/lk.png":["packages/country_list_pick/flags/lk.png"],"packages/country_list_pick/flags/lr.png":["packages/country_list_pick/flags/lr.png"],"packages/country_list_pick/flags/ls.png":["packages/country_list_pick/flags/ls.png"],"packages/country_list_pick/flags/lt.png":["packages/country_list_pick/flags/lt.png"],"packages/country_list_pick/flags/lu.png":["packages/country_list_pick/flags/lu.png"],"packages/country_list_pick/flags/lv.png":["packages/country_list_pick/flags/lv.png"],"packages/country_list_pick/flags/ly.png":["packages/country_list_pick/flags/ly.png"],"packages/country_list_pick/flags/ma.png":["packages/country_list_pick/flags/ma.png"],"packages/country_list_pick/flags/mc.png":["packages/country_list_pick/flags/mc.png"],"packages/country_list_pick/flags/md.png":["packages/country_list_pick/flags/md.png"],"packages/country_list_pick/flags/me.png":["packages/country_list_pick/flags/me.png"],"packages/country_list_pick/flags/mf.png":["packages/country_list_pick/flags/mf.png"],"packages/country_list_pick/flags/mg.png":["packages/country_list_pick/flags/mg.png"],"packages/country_list_pick/flags/mh.png":["packages/country_list_pick/flags/mh.png"],"packages/country_list_pick/flags/mk.png":["packages/country_list_pick/flags/mk.png"],"packages/country_list_pick/flags/ml.png":["packages/country_list_pick/flags/ml.png"],"packages/country_list_pick/flags/mm.png":["packages/country_list_pick/flags/mm.png"],"packages/country_list_pick/flags/mn.png":["packages/country_list_pick/flags/mn.png"],"packages/country_list_pick/flags/mo.png":["packages/country_list_pick/flags/mo.png"],"packages/country_list_pick/flags/mp.png":["packages/country_list_pick/flags/mp.png"],"packages/country_list_pick/flags/mq.png":["packages/country_list_pick/flags/mq.png"],"packages/country_list_pick/flags/mr.png":["packages/country_list_pick/flags/mr.png"],"packages/country_list_pick/flags/ms.png":["packages/country_list_pick/flags/ms.png"],"packages/country_list_pick/flags/mt.png":["packages/country_list_pick/flags/mt.png"],"packages/country_list_pick/flags/mu.png":["packages/country_list_pick/flags/mu.png"],"packages/country_list_pick/flags/mv.png":["packages/country_list_pick/flags/mv.png"],"packages/country_list_pick/flags/mw.png":["packages/country_list_pick/flags/mw.png"],"packages/country_list_pick/flags/mx.png":["packages/country_list_pick/flags/mx.png"],"packages/country_list_pick/flags/my.png":["packages/country_list_pick/flags/my.png"],"packages/country_list_pick/flags/mz.png":["packages/country_list_pick/flags/mz.png"],"packages/country_list_pick/flags/na.png":["packages/country_list_pick/flags/na.png"],"packages/country_list_pick/flags/nc.png":["packages/country_list_pick/flags/nc.png"],"packages/country_list_pick/flags/ne.png":["packages/country_list_pick/flags/ne.png"],"packages/country_list_pick/flags/nf.png":["packages/country_list_pick/flags/nf.png"],"packages/country_list_pick/flags/ng.png":["packages/country_list_pick/flags/ng.png"],"packages/country_list_pick/flags/ni.png":["packages/country_list_pick/flags/ni.png"],"packages/country_list_pick/flags/nl.png":["packages/country_list_pick/flags/nl.png"],"packages/country_list_pick/flags/no.png":["packages/country_list_pick/flags/no.png"],"packages/country_list_pick/flags/np.png":["packages/country_list_pick/flags/np.png"],"packages/country_list_pick/flags/nr.png":["packages/country_list_pick/flags/nr.png"],"packages/country_list_pick/flags/nu.png":["packages/country_list_pick/flags/nu.png"],"packages/country_list_pick/flags/nz.png":["packages/country_list_pick/flags/nz.png"],"packages/country_list_pick/flags/om.png":["packages/country_list_pick/flags/om.png"],"packages/country_list_pick/flags/pa.png":["packages/country_list_pick/flags/pa.png"],"packages/country_list_pick/flags/pe.png":["packages/country_list_pick/flags/pe.png"],"packages/country_list_pick/flags/pf.png":["packages/country_list_pick/flags/pf.png"],"packages/country_list_pick/flags/pg.png":["packages/country_list_pick/flags/pg.png"],"packages/country_list_pick/flags/ph.png":["packages/country_list_pick/flags/ph.png"],"packages/country_list_pick/flags/pk.png":["packages/country_list_pick/flags/pk.png"],"packages/country_list_pick/flags/pl.png":["packages/country_list_pick/flags/pl.png"],"packages/country_list_pick/flags/pm.png":["packages/country_list_pick/flags/pm.png"],"packages/country_list_pick/flags/pn.png":["packages/country_list_pick/flags/pn.png"],"packages/country_list_pick/flags/pr.png":["packages/country_list_pick/flags/pr.png"],"packages/country_list_pick/flags/ps.png":["packages/country_list_pick/flags/ps.png"],"packages/country_list_pick/flags/pt.png":["packages/country_list_pick/flags/pt.png"],"packages/country_list_pick/flags/pw.png":["packages/country_list_pick/flags/pw.png"],"packages/country_list_pick/flags/py.png":["packages/country_list_pick/flags/py.png"],"packages/country_list_pick/flags/qa.png":["packages/country_list_pick/flags/qa.png"],"packages/country_list_pick/flags/re.png":["packages/country_list_pick/flags/re.png"],"packages/country_list_pick/flags/ro.png":["packages/country_list_pick/flags/ro.png"],"packages/country_list_pick/flags/rs.png":["packages/country_list_pick/flags/rs.png"],"packages/country_list_pick/flags/ru.png":["packages/country_list_pick/flags/ru.png"],"packages/country_list_pick/flags/rw.png":["packages/country_list_pick/flags/rw.png"],"packages/country_list_pick/flags/sa.png":["packages/country_list_pick/flags/sa.png"],"packages/country_list_pick/flags/sb.png":["packages/country_list_pick/flags/sb.png"],"packages/country_list_pick/flags/sc.png":["packages/country_list_pick/flags/sc.png"],"packages/country_list_pick/flags/sd.png":["packages/country_list_pick/flags/sd.png"],"packages/country_list_pick/flags/se.png":["packages/country_list_pick/flags/se.png"],"packages/country_list_pick/flags/sg.png":["packages/country_list_pick/flags/sg.png"],"packages/country_list_pick/flags/sh.png":["packages/country_list_pick/flags/sh.png"],"packages/country_list_pick/flags/si.png":["packages/country_list_pick/flags/si.png"],"packages/country_list_pick/flags/sj.png":["packages/country_list_pick/flags/sj.png"],"packages/country_list_pick/flags/sk.png":["packages/country_list_pick/flags/sk.png"],"packages/country_list_pick/flags/sl.png":["packages/country_list_pick/flags/sl.png"],"packages/country_list_pick/flags/sm.png":["packages/country_list_pick/flags/sm.png"],"packages/country_list_pick/flags/sn.png":["packages/country_list_pick/flags/sn.png"],"packages/country_list_pick/flags/so.png":["packages/country_list_pick/flags/so.png"],"packages/country_list_pick/flags/sr.png":["packages/country_list_pick/flags/sr.png"],"packages/country_list_pick/flags/ss.png":["packages/country_list_pick/flags/ss.png"],"packages/country_list_pick/flags/st.png":["packages/country_list_pick/flags/st.png"],"packages/country_list_pick/flags/sv.png":["packages/country_list_pick/flags/sv.png"],"packages/country_list_pick/flags/sx.png":["packages/country_list_pick/flags/sx.png"],"packages/country_list_pick/flags/sy.png":["packages/country_list_pick/flags/sy.png"],"packages/country_list_pick/flags/sz.png":["packages/country_list_pick/flags/sz.png"],"packages/country_list_pick/flags/tc.png":["packages/country_list_pick/flags/tc.png"],"packages/country_list_pick/flags/td.png":["packages/country_list_pick/flags/td.png"],"packages/country_list_pick/flags/tf.png":["packages/country_list_pick/flags/tf.png"],"packages/country_list_pick/flags/tg.png":["packages/country_list_pick/flags/tg.png"],"packages/country_list_pick/flags/th.png":["packages/country_list_pick/flags/th.png"],"packages/country_list_pick/flags/tj.png":["packages/country_list_pick/flags/tj.png"],"packages/country_list_pick/flags/tk.png":["packages/country_list_pick/flags/tk.png"],"packages/country_list_pick/flags/tl.png":["packages/country_list_pick/flags/tl.png"],"packages/country_list_pick/flags/tm.png":["packages/country_list_pick/flags/tm.png"],"packages/country_list_pick/flags/tn.png":["packages/country_list_pick/flags/tn.png"],"packages/country_list_pick/flags/to.png":["packages/country_list_pick/flags/to.png"],"packages/country_list_pick/flags/tr.png":["packages/country_list_pick/flags/tr.png"],"packages/country_list_pick/flags/tt.png":["packages/country_list_pick/flags/tt.png"],"packages/country_list_pick/flags/tv.png":["packages/country_list_pick/flags/tv.png"],"packages/country_list_pick/flags/tw.png":["packages/country_list_pick/flags/tw.png"],"packages/country_list_pick/flags/tz.png":["packages/country_list_pick/flags/tz.png"],"packages/country_list_pick/flags/ua.png":["packages/country_list_pick/flags/ua.png"],"packages/country_list_pick/flags/ug.png":["packages/country_list_pick/flags/ug.png"],"packages/country_list_pick/flags/um.png":["packages/country_list_pick/flags/um.png"],"packages/country_list_pick/flags/us.png":["packages/country_list_pick/flags/us.png"],"packages/country_list_pick/flags/uy.png":["packages/country_list_pick/flags/uy.png"],"packages/country_list_pick/flags/uz.png":["packages/country_list_pick/flags/uz.png"],"packages/country_list_pick/flags/va.png":["packages/country_list_pick/flags/va.png"],"packages/country_list_pick/flags/vc.png":["packages/country_list_pick/flags/vc.png"],"packages/country_list_pick/flags/ve.png":["packages/country_list_pick/flags/ve.png"],"packages/country_list_pick/flags/vg.png":["packages/country_list_pick/flags/vg.png"],"packages/country_list_pick/flags/vi.png":["packages/country_list_pick/flags/vi.png"],"packages/country_list_pick/flags/vn.png":["packages/country_list_pick/flags/vn.png"],"packages/country_list_pick/flags/vu.png":["packages/country_list_pick/flags/vu.png"],"packages/country_list_pick/flags/wf.png":["packages/country_list_pick/flags/wf.png"],"packages/country_list_pick/flags/ws.png":["packages/country_list_pick/flags/ws.png"],"packages/country_list_pick/flags/xk.png":["packages/country_list_pick/flags/xk.png"],"packages/country_list_pick/flags/ye.png":["packages/country_list_pick/flags/ye.png"],"packages/country_list_pick/flags/yt.png":["packages/country_list_pick/flags/yt.png"],"packages/country_list_pick/flags/za.png":["packages/country_list_pick/flags/za.png"],"packages/country_list_pick/flags/zm.png":["packages/country_list_pick/flags/zm.png"],"packages/country_list_pick/flags/zw.png":["packages/country_list_pick/flags/zw.png"],"packages/cupertino_icons/assets/CupertinoIcons.ttf":["packages/cupertino_icons/assets/CupertinoIcons.ttf"],"packages/currency_picker/lib/src/res/no_flag.png":["packages/currency_picker/lib/src/res/no_flag.png"],"packages/currency_picker/lib/src/res/xof.png":["packages/currency_picker/lib/src/res/xof.png"],"packages/flutter_smartlook/lib/smartlook.png":["packages/flutter_smartlook/lib/smartlook.png"],"packages/syncfusion_flutter_pdfviewer/assets/fonts/RobotoMono-Regular.ttf":["packages/syncfusion_flutter_pdfviewer/assets/fonts/RobotoMono-Regular.ttf"],"packages/syncfusion_flutter_pdfviewer/assets/icons/dark/highlight.png":["packages/syncfusion_flutter_pdfviewer/assets/icons/dark/highlight.png"],"packages/syncfusion_flutter_pdfviewer/assets/icons/dark/squiggly.png":["packages/syncfusion_flutter_pdfviewer/assets/icons/dark/squiggly.png"],"packages/syncfusion_flutter_pdfviewer/assets/icons/dark/strikethrough.png":["packages/syncfusion_flutter_pdfviewer/assets/icons/dark/strikethrough.png"],"packages/syncfusion_flutter_pdfviewer/assets/icons/dark/underline.png":["packages/syncfusion_flutter_pdfviewer/assets/icons/dark/underline.png"],"packages/syncfusion_flutter_pdfviewer/assets/icons/light/highlight.png":["packages/syncfusion_flutter_pdfviewer/assets/icons/light/highlight.png"],"packages/syncfusion_flutter_pdfviewer/assets/icons/light/squiggly.png":["packages/syncfusion_flutter_pdfviewer/assets/icons/light/squiggly.png"],"packages/syncfusion_flutter_pdfviewer/assets/icons/light/strikethrough.png":["packages/syncfusion_flutter_pdfviewer/assets/icons/light/strikethrough.png"],"packages/syncfusion_flutter_pdfviewer/assets/icons/light/underline.png":["packages/syncfusion_flutter_pdfviewer/assets/icons/light/underline.png"],"packages/wakelock_plus/assets/no_sleep.js":["packages/wakelock_plus/assets/no_sleep.js"]}