[{"family":"MaterialIcons","fonts":[{"asset":"fonts/MaterialIcons-Regular.otf"}]},{"family":"Gathr","fonts":[{"asset":"assets/fonts/GathrIcons.ttf"}]},{"family":"Roboto","fonts":[{"weight":100,"asset":"assets/fonts/Roboto-Thin.ttf"},{"weight":300,"asset":"assets/fonts/Roboto-Light.ttf"},{"weight":400,"asset":"assets/fonts/Roboto-Regular.ttf"},{"weight":500,"asset":"assets/fonts/Roboto-Medium.ttf"},{"weight":700,"asset":"assets/fonts/Roboto-Bold.ttf"},{"weight":900,"asset":"assets/fonts/Roboto-Black.ttf"}]},{"family":"packages/syncfusion_flutter_pdfviewer/RobotoMono","fonts":[{"asset":"packages/syncfusion_flutter_pdfviewer/assets/fonts/RobotoMono-Regular.ttf"}]},{"family":"packages/cupertino_icons/CupertinoIcons","fonts":[{"asset":"packages/cupertino_icons/assets/CupertinoIcons.ttf"}]}]